,Neighborhood,Amount
0,Acton,1647.5
1,Adams-Normandie,920.74
2,Agoura Hills,2052.5
3,Agua Dulce,1130.2
4,Alhambra,1205.56
5,Alondra Park,1667.14
6,Altadena,1458.32
7,Angeles Crest,1194.43
8,Arcadia,1375.32
9,Arleta,1550.45
10,Arlington Heights,993.79
11,Artesia,1400.33
12,Athens,953.57
13,Atwater Village,1258.81
14,Avalon,1263.0
15,Avocado Heights,1369.43
16,Azusa,1255.84
17,Baldwin Hills/Crenshaw,1000.1
18,Baldwin Park,1208.0
19,Bel-Air,1885.29
20,Bell,1002.35
21,Bell Gardens,1085.76
22,Bellflower,1178.88
23,Beverly Crest,1845.95
24,Beverly Grove,1667.62
25,Beverly Hills,1938.82
26,Beverlywood,2316.14
27,Boyle Heights,947.63
28,Bradbury,2166.43
29,Brentwood,1949.71
30,Broadway-Manchester,1168.03
31,Burbank,1431.81
32,Calabasas,2061.19
33,Canoga Park,1250.23
34,Carson,1413.74
35,Carthay,1653.64
36,Castaic,2132.4
37,Castaic Canyons,1547.71
38,Central-Alameda,939.03
39,Century City,2133.71
40,Cerritos,1983.16
41,Charter Oak,1382.29
42,Chatsworth,1727.49
43,Chatsworth Reservoir,1743.29
44,Chesterfield Square,1043.19
45,Cheviot Hills,1991.43
46,Chinatown,1115.54
47,Citrus,1216.1
48,Claremont,1399.68
49,Commerce,915.95
50,Compton,1048.96
51,Covina,1338.54
52,Cudahy,1114.48
53,Culver City,1473.73
54,Cypress Park,1021.1
55,Del Aire,1198.43
56,Del Rey,1478.16
57,Diamond Bar,1796.92
58,Downey,1259.0
59,Downtown,1069.71
60,Duarte,1247.86
61,Eagle Rock,1224.43
62,East Compton,1120.43
63,East Hollywood,981.9
64,East La Mirada,1200.21
65,East Los Angeles,967.84
66,East Pasadena,1297.86
67,East San Gabriel,1439.54
68,Echo Park,1116.44
69,El Monte,1096.7
70,El Segundo,1514.61
71,El Sereno,1046.92
72,Elizabeth Lake,1194.0
73,Elysian Park,810.54
74,Elysian Valley,1115.9
75,Encino,1677.13
76,Exposition Park,990.98
77,Fairfax,1660.25
78,Florence,1002.35
79,Florence-Firestone,949.58
80,Gardena,1121.79
81,Glassell Park,1118.39
82,Glendale,1404.44
83,Glendora,1552.68
84,Gramercy Park,1033.43
85,Granada Hills,1818.31
86,Green Meadows,1052.82
87,Griffith Park,1833.0
88,Hacienda Heights,1678.58
89,Hancock Park,1779.33
90,Hansen Dam,
91,Harbor City,1143.55
92,Harbor Gateway,1017.23
93,Harvard Heights,968.24
94,Harvard Park,709.43
95,Hawaiian Gardens,1185.21
96,Hawthorne,1145.48
97,Hermosa Beach,1877.63
98,Hidden Hills,1822.57
99,Highland Park,1119.43
100,Historic South-Central,920.21
101,Hollywood,1143.37
102,Hollywood Hills,1546.83
103,Hollywood Hills West,1871.54
104,Huntington Park,943.74
105,Hyde Park,1044.77
106,Industry,1600.12
107,Inglewood,1124.94
108,Irwindale,1196.29
109,Jefferson Park,967.52
110,Koreatown,1011.59
111,La Canada Flintridge,2047.04
112,La Crescenta-Montrose,1656.54
113,La Habra Heights,2001.33
114,La Mirada,1543.24
115,La Puente,1195.12
116,La Verne,1566.84
117,Ladera Heights,1637.68
118,Lake Balboa,1544.86
119,Lake Los Angeles,1154.71
120,Lake View Terrace,1205.0
121,Lakewood,1555.82
122,Lancaster,1151.75
123,Larchmont,1196.57
124,Lawndale,1324.71
125,Leimert Park,1025.57
126,Lennox,977.69
127,Leona Valley,2024.0
128,Lincoln Heights,945.12
129,Lomita,1268.86
130,Long Beach,1210.17
131,Lopez/Kagel Canyons,1300.29
132,Los Feliz,1364.26
133,Lynwood,1065.6
134,Malibu,2326.57
135,Manchester Square,1061.0
136,Manhattan Beach,1989.07
137,Mar Vista,1459.44
138,Marina del Rey,2137.57
139,Mayflower Village,1520.29
140,Maywood,976.51
141,Mid-City,1180.46
142,Mid-Wilshire,1567.0
143,Mission Hills,1337.37
144,Monrovia,1416.07
145,Montebello,1185.15
146,Montecito Heights,1129.06
147,Monterey Park,1132.05
148,Mount Washington,1197.82
149,North Hills,1373.36
150,North Hollywood,1144.36
151,North Whittier,1560.57
152,Northeast Antelope Valley,1086.57
153,Northridge,1435.61
154,Northwest Antelope Valley,1494.43
155,Northwest Palmdale,1304.43
156,Norwalk,1378.67
157,Pacific Palisades,2135.88
158,Pacoima,1233.52
159,Palmdale,1320.73
160,Palms,1390.23
161,Palos Verdes Estates,2256.38
162,Panorama City,1162.77
163,Paramount,1171.94
164,Pasadena,1467.54
165,Pico Rivera,1296.08
166,Pico-Robertson,1615.98
167,Pico-Union,839.88
168,Playa Vista,1679.64
169,Playa del Rey,1914.57
170,Pomona,1223.94
171,Porter Ranch,2179.35
172,Quartz Hill,1191.79
173,Ramona,1776.14
174,Rancho Dominguez,1135.29
175,Rancho Palos Verdes,2170.0
176,Rancho Park,1643.29
177,Redondo Beach,1688.6
178,Reseda,1317.25
179,Ridge Route,1174.0
180,Rolling Hills,2076.33
181,Rolling Hills Estates,1816.22
182,Rosemead,1206.18
183,Rowland Heights,1671.64
184,San Dimas,1720.27
185,San Fernando,1246.71
186,San Gabriel,1324.49
187,San Marino,2332.38
188,San Pasqual,1345.79
189,San Pedro,1267.88
190,Santa Clarita,1627.21
191,Santa Fe Springs,1316.33
192,Santa Monica,1560.74
193,Sawtelle,1536.46
194,Sepulveda Basin,
195,Shadow Hills,1708.64
196,Sherman Oaks,1520.26
197,Sierra Madre,1646.57
198,Signal Hill,1070.0
199,Silver Lake,1252.57
200,South El Monte,1092.38
201,South Gate,1004.08
202,South Park,966.27
203,South Pasadena,1426.63
204,South San Gabriel,1075.76
205,South San Jose Hills,1386.11
206,South Whittier,1309.31
207,Southeast Antelope Valley,1347.1
208,Stevenson Ranch,2104.86
209,Studio City,1616.94
210,Sun Valley,1223.37
211,Sunland,1437.62
212,Sylmar,1427.9
213,Tarzana,1592.24
214,Temple City,1383.08
215,Toluca Lake,1448.81
216,Topanga,2089.0
217,Torrance,1548.62
218,Tujunga,1324.76
219,Tujunga Canyons,1767.22
220,Unincorporated Catalina Island,835.43
221,Unincorporated Santa Monica Mountains,2100.02
222,Unincorporated Santa Susana Mountains,1692.29
223,Universal City,
224,University Park,1191.35
225,Valinda,1300.67
226,Valley Glen,1139.71
227,Valley Village,1229.51
228,Van Nuys,1066.31
229,Venice,1751.25
230,Vermont Knolls,1000.67
231,Vermont Square,956.0
232,Vermont Vista,986.52
233,Vermont-Slauson,974.48
234,Vernon,818.0
235,Veterans Administration,1401.0
236,View Park-Windsor Hills,1253.71
237,Vincent,1374.71
238,Walnut,2038.03
239,Walnut Park,982.64
240,Watts,928.45
241,West Adams,1013.52
242,West Carson,1251.18
243,West Compton,1000.14
244,West Covina,1468.09
245,West Hills,2049.07
246,West Hollywood,1353.82
247,West Los Angeles,1773.61
248,West Puente Valley,1288.6
249,West Whittier-Los Nietos,1301.31
250,Westchester,1682.31
251,Westlake,904.99
252,Westlake Village,2147.36
253,Westmont,1007.39
254,Westwood,1836.76
255,Whittier,1313.34
256,Whittier Narrows,1293.14
257,Willowbrook,1050.29
258,Wilmington,1020.9
259,Windsor Square,1307.29
260,Winnetka,1197.92
261,Woodland Hills,1982.22
